name,url
Training and development specialists,https://www.bls.gov/ooh/business-and-financial/training-and-development-specialists.htm
Market research analysts and marketing specialists,https://www.bls.gov/ooh/business-and-financial/market-research-analysts.htm
"Business operations specialists, all other",https://www.bls.gov/ooh/about/data-for-occupations-not-covered-in-detail.htm#131199
Accountants and auditors,https://www.bls.gov/ooh/business-and-financial/accountants-and-auditors.htm
Property appraisers and assessors,https://www.bls.gov/ooh/business-and-financial/appraisers-and-assessors-of-real-estate.htm
Budget analysts,https://www.bls.gov/ooh/business-and-financial/budget-analysts.htm
Credit analysts,https://www.bls.gov/ooh/about/data-for-occupations-not-covered-in-detail.htm#132041
Financial and investment analysts,https://www.bls.gov/ooh/business-and-financial/financial-analysts.htm
Personal financial advisors,https://www.bls.gov/ooh/business-and-financial/personal-financial-advisors.htm
Insurance underwriters,https://www.bls.gov/ooh/business-and-financial/insurance-underwriters.htm
Financial risk specialists,https://www.bls.gov/ooh/business-and-financial/financial-analysts.htm
Financial examiners,https://www.bls.gov/ooh/business-and-financial/financial-examiners.htm
Credit counselors,https://www.bls.gov/ooh/business-and-financial/credit-counselors.htm
Loan officers,https://www.bls.gov/ooh/business-and-financial/loan-officers.htm
"Tax examiners and collectors, and revenue agents",https://www.bls.gov/ooh/business-and-financial/tax-examiners-and-collectors-and-revenue-agents.htm
Tax preparers,https://www.bls.gov/ooh/about/data-for-occupations-not-covered-in-detail.htm#132082
"Financial specialists, all other",https://www.bls.gov/ooh/about/data-for-occupations-not-covered-in-detail.htm#132099
Chief executives,https://www.bls.gov/ooh/management/top-executives.htm
General and operations managers,https://www.bls.gov/ooh/management/top-executives.htm
Legislators,https://www.bls.gov/ooh/about/data-for-occupations-not-covered-in-detail.htm#111031
Advertising and promotions managers,https://www.bls.gov/ooh/management/advertising-promotions-and-marketing-managers.htm
Marketing managers,https://www.bls.gov/ooh/management/advertising-promotions-and-marketing-managers.htm
Sales managers,https://www.bls.gov/ooh/management/sales-managers.htm
Public relations managers,https://www.bls.gov/ooh/management/public-relations-managers.htm
Fundraising managers,https://www.bls.gov/ooh/management/public-relations-managers.htm
Administrative services managers,https://www.bls.gov/ooh/management/administrative-services-managers.htm
Facilities managers,https://www.bls.gov/ooh/management/administrative-services-managers.htm
Computer and information systems managers,https://www.bls.gov/ooh/management/computer-and-information-systems-managers.htm
Financial managers,https://www.bls.gov/ooh/management/financial-managers.htm
Industrial production managers,https://www.bls.gov/ooh/management/industrial-production-managers.htm
Purchasing managers,https://www.bls.gov/ooh/business-and-financial/purchasing-managers-buyers-and-purchasing-agents.htm
"Transportation, storage, and distribution managers",https://www.bls.gov/ooh/management/transportation-storage-and-distribution-managers.htm
Compensation and benefits managers,https://www.bls.gov/ooh/management/compensation-and-benefits-managers.htm
Human resources managers,https://www.bls.gov/ooh/management/human-resources-managers.htm
Training and development managers,https://www.bls.gov/ooh/management/training-and-development-managers.htm
"Farmers, ranchers, and other agricultural managers",https://www.bls.gov/ooh/management/farmers-ranchers-and-other-agricultural-managers.htm
Construction managers,https://www.bls.gov/ooh/management/construction-managers.htm
"Education and childcare administrators, preschool and daycare",https://www.bls.gov/ooh/management/preschool-and-childcare-center-directors.htm
"Education administrators, kindergarten through secondary",https://www.bls.gov/ooh/management/elementary-middle-and-high-school-principals.htm
"Education administrators, postsecondary",https://www.bls.gov/ooh/management/postsecondary-education-administrators.htm
"Education administrators, all other",https://www.bls.gov/ooh/about/data-for-occupations-not-covered-in-detail.htm#119039
Architectural and engineering managers,https://www.bls.gov/ooh/management/architectural-and-engineering-managers.htm
Food service managers,https://www.bls.gov/ooh/management/food-service-managers.htm
Gambling managers,https://www.bls.gov/ooh/personal-care-and-service/gaming-services-occupations.htm
"Entertainment and recreation managers, except gambling",https://www.bls.gov/ooh/management/entertainment-and-recreation-managers.htm
Lodging managers,https://www.bls.gov/ooh/management/lodging-managers.htm
Medical and health services managers,https://www.bls.gov/ooh/management/medical-and-health-services-managers.htm
Natural sciences managers,https://www.bls.gov/ooh/management/natural-sciences-managers.htm
Postmasters and mail superintendents,https://www.bls.gov/ooh/about/data-for-occupations-not-covered-in-detail.htm#119131
"Property, real estate, and community association managers",https://www.bls.gov/ooh/management/property-real-estate-and-community-association-managers.htm
Social and community service managers,https://www.bls.gov/ooh/management/social-and-community-service-managers.htm
Emergency management directors,https://www.bls.gov/ooh/management/emergency-management-directors.htm
Funeral home managers,https://www.bls.gov/ooh/personal-care-and-service/funeral-service-occupations.htm
"Personal service managers, all other",https://www.bls.gov/ooh/about/data-for-occupations-not-covered-in-detail.htm#119179
"Managers, all other",https://www.bls.gov/ooh/about/data-for-occupations-not-covered-in-detail.htm#119199
"Agents and business managers of artists, performers, and athletes",https://www.bls.gov/ooh/about/data-for-occupations-not-covered-in-detail.htm#131011
Buyers and purchasing agents,https://www.bls.gov/ooh/business-and-financial/purchasing-managers-buyers-and-purchasing-agents.htm
"Claims adjusters, examiners, and investigators",https://www.bls.gov/ooh/business-and-financial/claims-adjusters-appraisers-examiners-and-investigators.htm
"Insurance appraisers, auto damage",https://www.bls.gov/ooh/business-and-financial/claims-adjusters-appraisers-examiners-and-investigators.htm
Compliance officers,https://www.bls.gov/ooh/business-and-financial/compliance-officers.htm
Cost estimators,https://www.bls.gov/ooh/business-and-financial/cost-estimators.htm
Human resources specialists,https://www.bls.gov/ooh/business-and-financial/human-resources-specialists.htm
Farm labor contractors,https://www.bls.gov/ooh/about/data-for-occupations-not-covered-in-detail.htm#131074
Labor relations specialists,https://www.bls.gov/ooh/business-and-financial/labor-relations-specialists.htm
Logisticians,https://www.bls.gov/ooh/business-and-financial/logisticians.htm
Project management specialists,https://www.bls.gov/ooh/business-and-financial/project-management-specialists.htm
Management analysts,https://www.bls.gov/ooh/business-and-financial/management-analysts.htm
"Meeting, convention, and event planners",https://www.bls.gov/ooh/business-and-financial/meeting-convention-and-event-planners.htm
Fundraisers,https://www.bls.gov/ooh/business-and-financial/fundraisers.htm
"Compensation, benefits, and job analysis specialists",https://www.bls.gov/ooh/business-and-financial/compensation-benefits-and-job-analysis-specialists.htm
Aerospace engineering and operations technologists and technicians,https://www.bls.gov/ooh/architecture-and-engineering/aerospace-engineering-and-operations-technicians.htm
Civil engineering technologists and technicians,https://www.bls.gov/ooh/architecture-and-engineering/civil-engineering-technicians.htm
Electrical and electronic engineering technologists and technicians,https://www.bls.gov/ooh/architecture-and-engineering/electrical-and-electronics-engineering-technicians.htm
Electro-mechanical and mechatronics technologists and technicians,https://www.bls.gov/ooh/architecture-and-engineering/electro-mechanical-technicians.htm
Environmental engineering technologists and technicians,https://www.bls.gov/ooh/architecture-and-engineering/environmental-engineering-technicians.htm
Industrial engineering technologists and technicians,https://www.bls.gov/ooh/architecture-and-engineering/industrial-engineering-technicians.htm
Mechanical engineering technologists and technicians,https://www.bls.gov/ooh/architecture-and-engineering/mechanical-engineering-technicians.htm
Calibration technologists and technicians,https://www.bls.gov/ooh/installation-maintenance-and-repair/calibration-technologists-and-technicians.htm
"Engineering technologists and technicians, except drafters, all other",https://www.bls.gov/ooh/about/data-for-occupations-not-covered-in-detail.htm#173029
Surveying and mapping technicians,https://www.bls.gov/ooh/architecture-and-engineering/surveying-and-mapping-technicians.htm
Animal scientists,https://www.bls.gov/ooh/life-physical-and-social-science/agricultural-and-food-scientists.htm
Food scientists and technologists,https://www.bls.gov/ooh/life-physical-and-social-science/agricultural-and-food-scientists.htm
Soil and plant scientists,https://www.bls.gov/ooh/life-physical-and-social-science/agricultural-and-food-scientists.htm
Biochemists and biophysicists,https://www.bls.gov/ooh/life-physical-and-social-science/biochemists-and-biophysicists.htm
Microbiologists,https://www.bls.gov/ooh/life-physical-and-social-science/microbiologists.htm
Zoologists and wildlife biologists,https://www.bls.gov/ooh/life-physical-and-social-science/zoologists-and-wildlife-biologists.htm
"Biological scientists, all other",https://www.bls.gov/ooh/about/data-for-occupations-not-covered-in-detail.htm#191029
Industrial-organizational psychologists,https://www.bls.gov/ooh/life-physical-and-social-science/psychologists.htm
Clinical and counseling psychologists,https://www.bls.gov/ooh/life-physical-and-social-science/psychologists.htm
School psychologists,https://www.bls.gov/ooh/life-physical-and-social-science/psychologists.htm
"Psychologists, all other",https://www.bls.gov/ooh/life-physical-and-social-science/psychologists.htm
Sociologists,https://www.bls.gov/ooh/life-physical-and-social-science/sociologists.htm
Urban and regional planners,https://www.bls.gov/ooh/life-physical-and-social-science/urban-and-regional-planners.htm
Anthropologists and archeologists,https://www.bls.gov/ooh/life-physical-and-social-science/anthropologists-and-archeologists.htm
Geographers,https://www.bls.gov/ooh/life-physical-and-social-science/geographers.htm
Historians,https://www.bls.gov/ooh/life-physical-and-social-science/historians.htm
Political scientists,https://www.bls.gov/ooh/life-physical-and-social-science/political-scientists.htm
"Social scientists and related workers, all other",https://www.bls.gov/ooh/about/data-for-occupations-not-covered-in-detail.htm#193099
Agricultural technicians,https://www.bls.gov/ooh/life-physical-and-social-science/agricultural-and-food-science-technicians.htm
Food science technicians,https://www.bls.gov/ooh/life-physical-and-social-science/agricultural-and-food-science-technicians.htm
Biological technicians,https://www.bls.gov/ooh/life-physical-and-social-science/biological-technicians.htm
Chemical technicians,https://www.bls.gov/ooh/life-physical-and-social-science/chemical-technicians.htm
"Environmental science and protection technicians, including health",https://www.bls.gov/ooh/life-physical-and-social-science/environmental-science-and-protection-technicians.htm
"Geological technicians, except hydrologic technicians",https://www.bls.gov/ooh/life-physical-and-social-science/geological-and-petroleum-technicians.htm
Hydrologic technicians,https://www.bls.gov/ooh/life-physical-and-social-science/geological-and-petroleum-technicians.htm
Nuclear technicians,https://www.bls.gov/ooh/life-physical-and-social-science/nuclear-technicians.htm
Social science research assistants,https://www.bls.gov/ooh/about/data-for-occupations-not-covered-in-detail.htm#194061
Forest and conservation technicians,https://www.bls.gov/ooh/about/data-for-occupations-not-covered-in-detail.htm#194071
Forensic science technicians,https://www.bls.gov/ooh/life-physical-and-social-science/forensic-science-technicians.htm
"Life, physical, and social science technicians, all other",https://www.bls.gov/ooh/about/data-for-occupations-not-covered-in-detail.htm#194099
Occupational health and safety specialists,https://www.bls.gov/ooh/healthcare/occupational-health-and-safety-specialists-and-technicians.htm
Occupational health and safety technicians,https://www.bls.gov/ooh/healthcare/occupational-health-and-safety-specialists-and-technicians.htm
"Educational, guidance, and career counselors and advisors",https://www.bls.gov/ooh/community-and-social-service/school-and-career-counselors.htm
Marriage and family therapists,https://www.bls.gov/ooh/community-and-social-service/marriage-and-family-therapists.htm
Rehabilitation counselors,https://www.bls.gov/ooh/community-and-social-service/rehabilitation-counselors.htm
"Substance abuse, behavioral disorder, and mental health counselors",https://www.bls.gov/ooh/community-and-social-service/substance-abuse-behavioral-disorder-and-mental-health-counselors.htm
"Counselors, all other",https://www.bls.gov/ooh/about/data-for-occupations-not-covered-in-detail.htm#211019
"Child, family, and school social workers",https://www.bls.gov/ooh/community-and-social-service/social-workers.htm
Healthcare social workers,https://www.bls.gov/ooh/community-and-social-service/social-workers.htm
Mental health and substance abuse social workers,https://www.bls.gov/ooh/community-and-social-service/social-workers.htm
"Social workers, all other",https://www.bls.gov/ooh/community-and-social-service/social-workers.htm
Health education specialists,https://www.bls.gov/ooh/community-and-social-service/health-educators.htm
Probation officers and correctional treatment specialists,https://www.bls.gov/ooh/community-and-social-service/probation-officers-and-correctional-treatment-specialists.htm
Social and human service assistants,https://www.bls.gov/ooh/community-and-social-service/social-and-human-service-assistants.htm
Community health workers,https://www.bls.gov/ooh/community-and-social-service/community-health-workers.htm
"Community and social service specialists, all other",https://www.bls.gov/ooh/about/data-for-occupations-not-covered-in-detail.htm#211099
Clergy,https://www.bls.gov/ooh/about/data-for-occupations-not-covered-in-detail.htm#212011
"Directors, religious activities and education",https://www.bls.gov/ooh/about/data-for-occupations-not-covered-in-detail.htm#212021
"Religious workers, all other",https://www.bls.gov/ooh/about/data-for-occupations-not-covered-in-detail.htm#212099
Conservation scientists,https://www.bls.gov/ooh/life-physical-and-social-science/conservation-scientists.htm
Foresters,https://www.bls.gov/ooh/life-physical-and-social-science/conservation-scientists.htm
Epidemiologists,https://www.bls.gov/ooh/life-physical-and-social-science/epidemiologists.htm
"Medical scientists, except epidemiologists",https://www.bls.gov/ooh/life-physical-and-social-science/medical-scientists.htm
"Life scientists, all other",https://www.bls.gov/ooh/about/data-for-occupations-not-covered-in-detail.htm#191099
Astronomers,https://www.bls.gov/ooh/life-physical-and-social-science/physicists-and-astronomers.htm
Physicists,https://www.bls.gov/ooh/life-physical-and-social-science/physicists-and-astronomers.htm
Atmospheric and space scientists,https://www.bls.gov/ooh/life-physical-and-social-science/atmospheric-scientists-including-meteorologists.htm
Chemists,https://www.bls.gov/ooh/life-physical-and-social-science/chemists-and-materials-scientists.htm
Materials scientists,https://www.bls.gov/ooh/life-physical-and-social-science/chemists-and-materials-scientists.htm
"Environmental scientists and specialists, including health",https://www.bls.gov/ooh/life-physical-and-social-science/environmental-scientists-and-specialists.htm
"Geoscientists, except hydrologists and geographers",https://www.bls.gov/ooh/life-physical-and-social-science/geoscientists.htm
Hydrologists,https://www.bls.gov/ooh/life-physical-and-social-science/hydrologists.htm
"Physical scientists, all other",https://www.bls.gov/ooh/about/data-for-occupations-not-covered-in-detail.htm#192099
Economists,https://www.bls.gov/ooh/life-physical-and-social-science/economists.htm
Survey researchers,https://www.bls.gov/ooh/life-physical-and-social-science/survey-researchers.htm
Computer systems analysts,https://www.bls.gov/ooh/computer-and-information-technology/computer-systems-analysts.htm
Information security analysts,https://www.bls.gov/ooh/computer-and-information-technology/information-security-analysts.htm
Computer and information research scientists,https://www.bls.gov/ooh/computer-and-information-technology/computer-and-information-research-scientists.htm
Computer network support specialists,https://www.bls.gov/ooh/computer-and-information-technology/computer-support-specialists.htm
Computer user support specialists,https://www.bls.gov/ooh/computer-and-information-technology/computer-support-specialists.htm
Computer network architects,https://www.bls.gov/ooh/computer-and-information-technology/computer-network-architects.htm
Database administrators,https://www.bls.gov/ooh/computer-and-information-technology/database-administrators.htm
Database architects,https://www.bls.gov/ooh/computer-and-information-technology/database-administrators.htm
Network and computer systems administrators,https://www.bls.gov/ooh/computer-and-information-technology/network-and-computer-systems-administrators.htm
Computer programmers,https://www.bls.gov/ooh/computer-and-information-technology/computer-programmers.htm
Software developers,https://www.bls.gov/ooh/computer-and-information-technology/software-developers.htm
Software quality assurance analysts and testers,https://www.bls.gov/ooh/computer-and-information-technology/software-developers.htm
Web developers,https://www.bls.gov/ooh/computer-and-information-technology/web-developers.htm
Web and digital interface designers,https://www.bls.gov/ooh/computer-and-information-technology/web-developers.htm
"Computer occupations, all other",https://www.bls.gov/ooh/about/data-for-occupations-not-covered-in-detail.htm#151299
Actuaries,https://www.bls.gov/ooh/math/actuaries.htm
Mathematicians,https://www.bls.gov/ooh/math/mathematicians-and-statisticians.htm
Operations research analysts,https://www.bls.gov/ooh/math/operations-research-analysts.htm
Statisticians,https://www.bls.gov/ooh/math/mathematicians-and-statisticians.htm
Data scientists,https://www.bls.gov/ooh/math/data-scientists.htm
"Mathematical science occupations, all other",https://www.bls.gov/ooh/about/data-for-occupations-not-covered-in-detail.htm#152099
"Architects, except landscape and naval",https://www.bls.gov/ooh/architecture-and-engineering/architects.htm
Landscape architects,https://www.bls.gov/ooh/architecture-and-engineering/landscape-architects.htm
Cartographers and photogrammetrists,https://www.bls.gov/ooh/architecture-and-engineering/cartographers-and-photogrammetrists.htm
Surveyors,https://www.bls.gov/ooh/architecture-and-engineering/surveyors.htm
Aerospace engineers,https://www.bls.gov/ooh/architecture-and-engineering/aerospace-engineers.htm
Agricultural engineers,https://www.bls.gov/ooh/architecture-and-engineering/agricultural-engineers.htm
Bioengineers and biomedical engineers,https://www.bls.gov/ooh/architecture-and-engineering/biomedical-engineers.htm
Chemical engineers,https://www.bls.gov/ooh/architecture-and-engineering/chemical-engineers.htm
Civil engineers,https://www.bls.gov/ooh/architecture-and-engineering/civil-engineers.htm
Computer hardware engineers,https://www.bls.gov/ooh/architecture-and-engineering/computer-hardware-engineers.htm
Electrical engineers,https://www.bls.gov/ooh/architecture-and-engineering/electrical-and-electronics-engineers.htm
"Electronics engineers, except computer",https://www.bls.gov/ooh/architecture-and-engineering/electrical-and-electronics-engineers.htm
Environmental engineers,https://www.bls.gov/ooh/architecture-and-engineering/environmental-engineers.htm
"Health and safety engineers, except mining safety engineers and inspectors",https://www.bls.gov/ooh/architecture-and-engineering/health-and-safety-engineers.htm
Industrial engineers,https://www.bls.gov/ooh/architecture-and-engineering/industrial-engineers.htm
Marine engineers and naval architects,https://www.bls.gov/ooh/architecture-and-engineering/marine-engineers-and-naval-architects.htm
Materials engineers,https://www.bls.gov/ooh/architecture-and-engineering/materials-engineers.htm
Mechanical engineers,https://www.bls.gov/ooh/architecture-and-engineering/mechanical-engineers.htm
"Mining and geological engineers, including mining safety engineers",https://www.bls.gov/ooh/architecture-and-engineering/mining-and-geological-engineers.htm
Nuclear engineers,https://www.bls.gov/ooh/architecture-and-engineering/nuclear-engineers.htm
Petroleum engineers,https://www.bls.gov/ooh/architecture-and-engineering/petroleum-engineers.htm
"Engineers, all other",https://www.bls.gov/ooh/about/data-for-occupations-not-covered-in-detail.htm#172199
Architectural and civil drafters,https://www.bls.gov/ooh/architecture-and-engineering/drafters.htm
Electrical and electronics drafters,https://www.bls.gov/ooh/architecture-and-engineering/drafters.htm
Mechanical drafters,https://www.bls.gov/ooh/architecture-and-engineering/drafters.htm
"Drafters, all other",https://www.bls.gov/ooh/architecture-and-engineering/drafters.htm
"Business teachers, postsecondary",https://www.bls.gov/ooh/education-training-and-library/postsecondary-teachers.htm
"Computer science teachers, postsecondary",https://www.bls.gov/ooh/education-training-and-library/postsecondary-teachers.htm
"Mathematical science teachers, postsecondary",https://www.bls.gov/ooh/education-training-and-library/postsecondary-teachers.htm
"Architecture teachers, postsecondary",https://www.bls.gov/ooh/education-training-and-library/postsecondary-teachers.htm
"Engineering teachers, postsecondary",https://www.bls.gov/ooh/education-training-and-library/postsecondary-teachers.htm
"Agricultural sciences teachers, postsecondary",https://www.bls.gov/ooh/education-training-and-library/postsecondary-teachers.htm
"Biological science teachers, postsecondary",https://www.bls.gov/ooh/education-training-and-library/postsecondary-teachers.htm
"Forestry and conservation science teachers, postsecondary",https://www.bls.gov/ooh/education-training-and-library/postsecondary-teachers.htm
"Atmospheric, earth, marine, and space sciences teachers, postsecondary",https://www.bls.gov/ooh/education-training-and-library/postsecondary-teachers.htm
"Chemistry teachers, postsecondary",https://www.bls.gov/ooh/education-training-and-library/postsecondary-teachers.htm
"Environmental science teachers, postsecondary",https://www.bls.gov/ooh/education-training-and-library/postsecondary-teachers.htm
"Physics teachers, postsecondary",https://www.bls.gov/ooh/education-training-and-library/postsecondary-teachers.htm
"Anthropology and archeology teachers, postsecondary",https://www.bls.gov/ooh/education-training-and-library/postsecondary-teachers.htm
"Area, ethnic, and cultural studies teachers, postsecondary",https://www.bls.gov/ooh/education-training-and-library/postsecondary-teachers.htm
"Economics teachers, postsecondary",https://www.bls.gov/ooh/education-training-and-library/postsecondary-teachers.htm
"Geography teachers, postsecondary",https://www.bls.gov/ooh/education-training-and-library/postsecondary-teachers.htm
"Political science teachers, postsecondary",https://www.bls.gov/ooh/education-training-and-library/postsecondary-teachers.htm
"Psychology teachers, postsecondary",https://www.bls.gov/ooh/education-training-and-library/postsecondary-teachers.htm
"Sociology teachers, postsecondary",https://www.bls.gov/ooh/education-training-and-library/postsecondary-teachers.htm
"Social sciences teachers, postsecondary, all other",https://www.bls.gov/ooh/education-training-and-library/postsecondary-teachers.htm
"Health specialties teachers, postsecondary",https://www.bls.gov/ooh/education-training-and-library/postsecondary-teachers.htm
"Nursing instructors and teachers, postsecondary",https://www.bls.gov/ooh/education-training-and-library/postsecondary-teachers.htm
"Education teachers, postsecondary",https://www.bls.gov/ooh/education-training-and-library/postsecondary-teachers.htm
"Library science teachers, postsecondary",https://www.bls.gov/ooh/education-training-and-library/postsecondary-teachers.htm
"Criminal justice and law enforcement teachers, postsecondary",https://www.bls.gov/ooh/education-training-and-library/postsecondary-teachers.htm
"Law teachers, postsecondary",https://www.bls.gov/ooh/education-training-and-library/postsecondary-teachers.htm
"Social work teachers, postsecondary",https://www.bls.gov/ooh/education-training-and-library/postsecondary-teachers.htm
"Art, drama, and music teachers, postsecondary",https://www.bls.gov/ooh/education-training-and-library/postsecondary-teachers.htm
"Communications teachers, postsecondary",https://www.bls.gov/ooh/education-training-and-library/postsecondary-teachers.htm
"English language and literature teachers, postsecondary",https://www.bls.gov/ooh/education-training-and-library/postsecondary-teachers.htm
"Foreign language and literature teachers, postsecondary",https://www.bls.gov/ooh/education-training-and-library/postsecondary-teachers.htm
"History teachers, postsecondary",https://www.bls.gov/ooh/education-training-and-library/postsecondary-teachers.htm
"Philosophy and religion teachers, postsecondary",https://www.bls.gov/ooh/education-training-and-library/postsecondary-teachers.htm
Lawyers,https://www.bls.gov/ooh/legal/lawyers.htm
Judicial law clerks,https://www.bls.gov/ooh/about/data-for-occupations-not-covered-in-detail.htm#231012
"Administrative law judges, adjudicators, and hearing officers",https://www.bls.gov/ooh/legal/judges-and-hearing-officers.htm
"Arbitrators, mediators, and conciliators",https://www.bls.gov/ooh/legal/arbitrators-mediators-and-conciliators.htm
"Judges, magistrate judges, and magistrates",https://www.bls.gov/ooh/legal/judges-and-hearing-officers.htm
Paralegals and legal assistants,https://www.bls.gov/ooh/legal/paralegals-and-legal-assistants.htm
"Title examiners, abstractors, and searchers",https://www.bls.gov/ooh/about/data-for-occupations-not-covered-in-detail.htm#232093
"Legal support workers, all other",https://www.bls.gov/ooh/about/data-for-occupations-not-covered-in-detail.htm#232099
Coaches and scouts,https://www.bls.gov/ooh/entertainment-and-sports/coaches-and-scouts.htm
"Umpires, referees, and other sports officials",https://www.bls.gov/ooh/entertainment-and-sports/umpires-referees-and-other-sports-officials.htm
Dancers,https://www.bls.gov/ooh/entertainment-and-sports/dancers-and-choreographers.htm
Choreographers,https://www.bls.gov/ooh/entertainment-and-sports/dancers-and-choreographers.htm
Music directors and composers,https://www.bls.gov/ooh/entertainment-and-sports/music-directors-and-composers.htm
Musicians and singers,https://www.bls.gov/ooh/entertainment-and-sports/musicians-and-singers.htm
"Disc jockeys, except radio",https://www.bls.gov/ooh/media-and-communication/announcers.htm
"Entertainers and performers, sports and related workers, all other",https://www.bls.gov/ooh/about/data-for-occupations-not-covered-in-detail.htm#272099
Broadcast announcers and radio disc jockeys,https://www.bls.gov/ooh/media-and-communication/announcers.htm
"News analysts, reporters, and journalists",https://www.bls.gov/ooh/media-and-communication/reporters-correspondents-and-broadcast-news-analysts.htm
Public relations specialists,https://www.bls.gov/ooh/media-and-communication/public-relations-specialists.htm
Editors,https://www.bls.gov/ooh/media-and-communication/editors.htm
Technical writers,https://www.bls.gov/ooh/media-and-communication/technical-writers.htm
Writers and authors,https://www.bls.gov/ooh/media-and-communication/writers-and-authors.htm
Interpreters and translators,https://www.bls.gov/ooh/media-and-communication/interpreters-and-translators.htm
Court reporters and simultaneous captioners,https://www.bls.gov/ooh/legal/court-reporters.htm
"Dentists, all other specialists",https://www.bls.gov/ooh/healthcare/dentists.htm
Dietitians and nutritionists,https://www.bls.gov/ooh/healthcare/dietitians-and-nutritionists.htm
Optometrists,https://www.bls.gov/ooh/healthcare/optometrists.htm
Pharmacists,https://www.bls.gov/ooh/healthcare/pharmacists.htm
Physician assistants,https://www.bls.gov/ooh/healthcare/physician-assistants.htm
Podiatrists,https://www.bls.gov/ooh/healthcare/podiatrists.htm
Occupational therapists,https://www.bls.gov/ooh/healthcare/occupational-therapists.htm
Physical therapists,https://www.bls.gov/ooh/healthcare/physical-therapists.htm
Radiation therapists,https://www.bls.gov/ooh/healthcare/radiation-therapists.htm
Recreational therapists,https://www.bls.gov/ooh/healthcare/recreational-therapists.htm
Respiratory therapists,https://www.bls.gov/ooh/healthcare/respiratory-therapists.htm
Speech-language pathologists,https://www.bls.gov/ooh/healthcare/speech-language-pathologists.htm
Exercise physiologists,https://www.bls.gov/ooh/healthcare/exercise-physiologists.htm
"Therapists, all other",https://www.bls.gov/ooh/about/data-for-occupations-not-covered-in-detail.htm#291129
Veterinarians,https://www.bls.gov/ooh/healthcare/veterinarians.htm
Registered nurses,https://www.bls.gov/ooh/healthcare/registered-nurses.htm
Nurse anesthetists,https://www.bls.gov/ooh/healthcare/nurse-anesthetists-nurse-midwives-and-nurse-practitioners.htm
Nurse midwives,https://www.bls.gov/ooh/healthcare/nurse-anesthetists-nurse-midwives-and-nurse-practitioners.htm
Nurse practitioners,https://www.bls.gov/ooh/healthcare/nurse-anesthetists-nurse-midwives-and-nurse-practitioners.htm
Audiologists,https://www.bls.gov/ooh/healthcare/audiologists.htm
Anesthesiologists,https://www.bls.gov/ooh/healthcare/physicians-and-surgeons.htm
Cardiologists,https://www.bls.gov/ooh/healthcare/physicians-and-surgeons.htm
Dermatologists,https://www.bls.gov/ooh/healthcare/physicians-and-surgeons.htm
Emergency medicine physicians,https://www.bls.gov/ooh/healthcare/physicians-and-surgeons.htm
Family medicine physicians,https://www.bls.gov/ooh/healthcare/physicians-and-surgeons.htm
General internal medicine physicians,https://www.bls.gov/ooh/healthcare/physicians-and-surgeons.htm
Neurologists,https://www.bls.gov/ooh/healthcare/physicians-and-surgeons.htm
Obstetricians and gynecologists,https://www.bls.gov/ooh/healthcare/physicians-and-surgeons.htm
"Pediatricians, general",https://www.bls.gov/ooh/healthcare/physicians-and-surgeons.htm
"Physicians, pathologists",https://www.bls.gov/ooh/healthcare/physicians-and-surgeons.htm
Psychiatrists,https://www.bls.gov/ooh/healthcare/physicians-and-surgeons.htm
Radiologists,https://www.bls.gov/ooh/healthcare/physicians-and-surgeons.htm
"Physicians, all other",https://www.bls.gov/ooh/healthcare/physicians-and-surgeons.htm
"Ophthalmologists, except pediatric",https://www.bls.gov/ooh/healthcare/physicians-and-surgeons.htm
"Orthopedic surgeons, except pediatric",https://www.bls.gov/ooh/healthcare/physicians-and-surgeons.htm
Pediatric surgeons,https://www.bls.gov/ooh/healthcare/physicians-and-surgeons.htm
"Surgeons, all other",https://www.bls.gov/ooh/healthcare/physicians-and-surgeons.htm
Acupuncturists,https://www.bls.gov/ooh/about/data-for-occupations-not-covered-in-detail.htm#291291
Dental hygienists,https://www.bls.gov/ooh/healthcare/dental-hygienists.htm
"Healthcare diagnosing or treating practitioners, all other",https://www.bls.gov/ooh/about/data-for-occupations-not-covered-in-detail.htm#291299
Clinical laboratory technologists and technicians,https://www.bls.gov/ooh/healthcare/clinical-laboratory-technologists-and-technicians.htm
Cardiovascular technologists and technicians,https://www.bls.gov/ooh/healthcare/diagnostic-medical-sonographers.htm
Diagnostic medical sonographers,https://www.bls.gov/ooh/healthcare/diagnostic-medical-sonographers.htm
Nuclear medicine technologists,https://www.bls.gov/ooh/healthcare/nuclear-medicine-technologists.htm
Radiologic technologists and technicians,https://www.bls.gov/ooh/healthcare/radiologic-technologists.htm
Magnetic resonance imaging technologists,https://www.bls.gov/ooh/healthcare/radiologic-technologists.htm
Medical dosimetrists,https://www.bls.gov/ooh/healthcare/medical-dosimetrists.htm
Emergency medical technicians,https://www.bls.gov/ooh/healthcare/emts-and-paramedics.htm
Paramedics,https://www.bls.gov/ooh/healthcare/emts-and-paramedics.htm
"Media and communication workers, all other",https://www.bls.gov/ooh/about/data-for-occupations-not-covered-in-detail.htm#273099
Audio and video technicians,https://www.bls.gov/ooh/media-and-communication/broadcast-and-sound-engineering-technicians.htm
Broadcast technicians,https://www.bls.gov/ooh/media-and-communication/broadcast-and-sound-engineering-technicians.htm
Sound engineering technicians,https://www.bls.gov/ooh/media-and-communication/broadcast-and-sound-engineering-technicians.htm
Lighting technicians,https://www.bls.gov/ooh/media-and-communication/broadcast-and-sound-engineering-technicians.htm
Photographers,https://www.bls.gov/ooh/media-and-communication/photographers.htm
"Camera operators, television, video, and film",https://www.bls.gov/ooh/media-and-communication/film-and-video-editors-and-camera-operators.htm
Film and video editors,https://www.bls.gov/ooh/media-and-communication/film-and-video-editors-and-camera-operators.htm
"Media and communication equipment workers, all other",https://www.bls.gov/ooh/about/data-for-occupations-not-covered-in-detail.htm#274099
Chiropractors,https://www.bls.gov/ooh/healthcare/chiropractors.htm
"Dentists, general",https://www.bls.gov/ooh/healthcare/dentists.htm
Oral and maxillofacial surgeons,https://www.bls.gov/ooh/healthcare/dentists.htm
Orthodontists,https://www.bls.gov/ooh/healthcare/dentists.htm
Prosthodontists,https://www.bls.gov/ooh/healthcare/dentists.htm
"Family and consumer sciences teachers, postsecondary",https://www.bls.gov/ooh/education-training-and-library/postsecondary-teachers.htm
"Recreation and fitness studies teachers, postsecondary",https://www.bls.gov/ooh/education-training-and-library/postsecondary-teachers.htm
"Career/technical education teachers, postsecondary",https://www.bls.gov/ooh/education-training-and-library/career-and-technical-education-teachers.htm
"Postsecondary teachers, all other",https://www.bls.gov/ooh/about/data-for-occupations-not-covered-in-detail.htm#251199
"Preschool teachers, except special education",https://www.bls.gov/ooh/education-training-and-library/preschool-teachers.htm
"Kindergarten teachers, except special education",https://www.bls.gov/ooh/education-training-and-library/kindergarten-and-elementary-school-teachers.htm
"Elementary school teachers, except special education",https://www.bls.gov/ooh/education-training-and-library/kindergarten-and-elementary-school-teachers.htm
"Middle school teachers, except special and career/technical education",https://www.bls.gov/ooh/education-training-and-library/middle-school-teachers.htm
"Career/technical education teachers, middle school",https://www.bls.gov/ooh/education-training-and-library/career-and-technical-education-teachers.htm
"Secondary school teachers, except special and career/technical education",https://www.bls.gov/ooh/education-training-and-library/high-school-teachers.htm
"Career/technical education teachers, secondary school",https://www.bls.gov/ooh/education-training-and-library/career-and-technical-education-teachers.htm
"Special education teachers, preschool",https://www.bls.gov/ooh/education-training-and-library/special-education-teachers.htm
"Special education teachers, kindergarten and elementary school",https://www.bls.gov/ooh/education-training-and-library/special-education-teachers.htm
"Special education teachers, middle school",https://www.bls.gov/ooh/education-training-and-library/special-education-teachers.htm
"Special education teachers, secondary school",https://www.bls.gov/ooh/education-training-and-library/special-education-teachers.htm
"Special education teachers, all other",https://www.bls.gov/ooh/education-training-and-library/special-education-teachers.htm
"Adult basic education, adult secondary education, and english as a second language instructors",https://www.bls.gov/ooh/education-training-and-library/adult-literacy-and-ged-teachers.htm
Self-enrichment teachers,https://www.bls.gov/ooh/about/data-for-occupations-not-covered-in-detail.htm#253021
"Substitute teachers, short-term",https://www.bls.gov/ooh/about/data-for-occupations-not-covered-in-detail.htm#253031
Tutors,https://www.bls.gov/ooh/education-training-and-library/tutors.htm
"Teachers and instructors, all other",https://www.bls.gov/ooh/about/data-for-occupations-not-covered-in-detail.htm#253099
Archivists,https://www.bls.gov/ooh/education-training-and-library/curators-museum-technicians-and-conservators.htm
Curators,https://www.bls.gov/ooh/education-training-and-library/curators-museum-technicians-and-conservators.htm
Museum technicians and conservators,https://www.bls.gov/ooh/education-training-and-library/curators-museum-technicians-and-conservators.htm
Librarians and media collections specialists,https://www.bls.gov/ooh/education-training-and-library/librarians.htm
Library technicians,https://www.bls.gov/ooh/education-training-and-library/library-technicians-and-assistants.htm
Farm and home management educators,https://www.bls.gov/ooh/about/data-for-occupations-not-covered-in-detail.htm#259021
Instructional coordinators,https://www.bls.gov/ooh/education-training-and-library/instructional-coordinators.htm
"Teaching assistants, postsecondary",https://www.bls.gov/ooh/about/data-for-occupations-not-covered-in-detail.htm#259044
"Teaching assistants, except postsecondary",https://www.bls.gov/ooh/education-training-and-library/teacher-assistants.htm
"Educational instruction and library workers, all other",https://www.bls.gov/ooh/about/data-for-occupations-not-covered-in-detail.htm#259099
Art directors,https://www.bls.gov/ooh/arts-and-design/art-directors.htm
Craft artists,https://www.bls.gov/ooh/arts-and-design/craft-and-fine-artists.htm
"Fine artists, including painters, sculptors, and illustrators",https://www.bls.gov/ooh/arts-and-design/craft-and-fine-artists.htm
Special effects artists and animators,https://www.bls.gov/ooh/arts-and-design/multimedia-artists-and-animators.htm
"Artists and related workers, all other",https://www.bls.gov/ooh/arts-and-design/craft-and-fine-artists.htm
Commercial and industrial designers,https://www.bls.gov/ooh/arts-and-design/industrial-designers.htm
Fashion designers,https://www.bls.gov/ooh/arts-and-design/fashion-designers.htm
Floral designers,https://www.bls.gov/ooh/arts-and-design/floral-designers.htm
Graphic designers,https://www.bls.gov/ooh/arts-and-design/graphic-designers.htm
Interior designers,https://www.bls.gov/ooh/arts-and-design/interior-designers.htm
Merchandise displayers and window trimmers,https://www.bls.gov/ooh/about/data-for-occupations-not-covered-in-detail.htm#271026
Set and exhibit designers,https://www.bls.gov/ooh/arts-and-design/set-and-exhibit-designers.htm
"Designers, all other",https://www.bls.gov/ooh/about/data-for-occupations-not-covered-in-detail.htm#271029
Actors,https://www.bls.gov/ooh/entertainment-and-sports/actors.htm
Producers and directors,https://www.bls.gov/ooh/entertainment-and-sports/producers-and-directors.htm
Athletes and sports competitors,https://www.bls.gov/ooh/entertainment-and-sports/athletes-and-sports-competitors.htm
Veterinary assistants and laboratory animal caretakers,https://www.bls.gov/ooh/healthcare/veterinary-assistants-and-laboratory-animal-caretakers.htm
Phlebotomists,https://www.bls.gov/ooh/healthcare/phlebotomists.htm
"Healthcare support workers, all other",https://www.bls.gov/ooh/about/data-for-occupations-not-covered-in-detail.htm#319099
First-line supervisors of correctional officers,https://www.bls.gov/ooh/about/data-for-occupations-not-covered-in-detail.htm#331011
First-line supervisors of police and detectives,https://www.bls.gov/ooh/about/data-for-occupations-not-covered-in-detail.htm#331012
First-line supervisors of firefighting and prevention workers,https://www.bls.gov/ooh/about/data-for-occupations-not-covered-in-detail.htm#331021
First-line supervisors of security workers,https://www.bls.gov/ooh/about/data-for-occupations-not-covered-in-detail.htm#331091
"First-line supervisors of protective service workers, all other",https://www.bls.gov/ooh/about/data-for-occupations-not-covered-in-detail.htm#331099
Firefighters,https://www.bls.gov/ooh/protective-service/firefighters.htm
Fire inspectors and investigators,https://www.bls.gov/ooh/protective-service/fire-inspectors-and-investigators.htm
Forest fire inspectors and prevention specialists,https://www.bls.gov/ooh/protective-service/fire-inspectors-and-investigators.htm
Bailiffs,https://www.bls.gov/ooh/protective-service/correctional-officers.htm
Correctional officers and jailers,https://www.bls.gov/ooh/protective-service/correctional-officers.htm
Detectives and criminal investigators,https://www.bls.gov/ooh/protective-service/police-and-detectives.htm
Fish and game wardens,https://www.bls.gov/ooh/protective-service/police-and-detectives.htm
Parking enforcement workers,https://www.bls.gov/ooh/about/data-for-occupations-not-covered-in-detail.htm#333041
Police and sheriffâ€™s patrol officers,https://www.bls.gov/ooh/protective-service/police-and-detectives.htm
Transit and railroad police,https://www.bls.gov/ooh/protective-service/police-and-detectives.htm
Animal control workers,https://www.bls.gov/ooh/about/data-for-occupations-not-covered-in-detail.htm#339011
Private detectives and investigators,https://www.bls.gov/ooh/protective-service/private-detectives-and-investigators.htm
Gambling surveillance officers and gambling investigators,https://www.bls.gov/ooh/protective-service/security-guards.htm
Security guards,https://www.bls.gov/ooh/protective-service/security-guards.htm
Crossing guards and flaggers,https://www.bls.gov/ooh/about/data-for-occupations-not-covered-in-detail.htm#339091
"Lifeguards, ski patrol, and other recreational protective service workers",https://www.bls.gov/ooh/about/data-for-occupations-not-covered-in-detail.htm#339092
Transportation security screeners,https://www.bls.gov/ooh/about/data-for-occupations-not-covered-in-detail.htm#339093
Dietetic technicians,https://www.bls.gov/ooh/about/data-for-occupations-not-covered-in-detail.htm#292051
Pharmacy technicians,https://www.bls.gov/ooh/healthcare/pharmacy-technicians.htm
Psychiatric technicians,https://www.bls.gov/ooh/healthcare/psychiatric-technicians-and-aides.htm
Surgical technologists,https://www.bls.gov/ooh/healthcare/surgical-technologists.htm
Veterinary technologists and technicians,https://www.bls.gov/ooh/healthcare/veterinary-technologists-and-technicians.htm
Ophthalmic medical technicians,https://www.bls.gov/ooh/about/data-for-occupations-not-covered-in-detail.htm#292057
Licensed practical and licensed vocational nurses,https://www.bls.gov/ooh/healthcare/licensed-practical-and-licensed-vocational-nurses.htm
Medical records specialists,https://www.bls.gov/ooh/healthcare/medical-records-and-health-information-technicians.htm
"Opticians, dispensing",https://www.bls.gov/ooh/healthcare/opticians-dispensing.htm
Orthotists and prosthetists,https://www.bls.gov/ooh/healthcare/orthotists-and-prosthetists.htm
Hearing aid specialists,https://www.bls.gov/ooh/about/data-for-occupations-not-covered-in-detail.htm#292092
"Health technologists and technicians, all other",https://www.bls.gov/ooh/about/data-for-occupations-not-covered-in-detail.htm#292099
Health information technologists and medical registrars,https://www.bls.gov/ooh/healthcare/health-information-technologists-and-medical-registrars.htm
Athletic trainers,https://www.bls.gov/ooh/healthcare/athletic-trainers.htm
Genetic counselors,https://www.bls.gov/ooh/healthcare/genetic-counselors.htm
Surgical assistants,https://www.bls.gov/ooh/healthcare/surgical-technologists.htm
"Healthcare practitioners and technical workers, all other",https://www.bls.gov/ooh/about/data-for-occupations-not-covered-in-detail.htm#299099
Home health and personal care aides,https://www.bls.gov/ooh/healthcare/home-health-aides-and-personal-care-aides.htm
Nursing assistants,https://www.bls.gov/ooh/healthcare/nursing-assistants.htm
Orderlies,https://www.bls.gov/ooh/healthcare/nursing-assistants.htm
Psychiatric aides,https://www.bls.gov/ooh/healthcare/psychiatric-technicians-and-aides.htm
Occupational therapy assistants,https://www.bls.gov/ooh/healthcare/occupational-therapy-assistants-and-aides.htm
Occupational therapy aides,https://www.bls.gov/ooh/healthcare/occupational-therapy-assistants-and-aides.htm
Physical therapist assistants,https://www.bls.gov/ooh/healthcare/physical-therapist-assistants-and-aides.htm
Physical therapist aides,https://www.bls.gov/ooh/healthcare/physical-therapist-assistants-and-aides.htm
Massage therapists,https://www.bls.gov/ooh/healthcare/massage-therapists.htm
Dental assistants,https://www.bls.gov/ooh/healthcare/dental-assistants.htm
Medical assistants,https://www.bls.gov/ooh/healthcare/medical-assistants.htm
Medical equipment preparers,https://www.bls.gov/ooh/about/data-for-occupations-not-covered-in-detail.htm#319093
Medical transcriptionists,https://www.bls.gov/ooh/healthcare/medical-transcriptionists.htm
Pharmacy aides,https://www.bls.gov/ooh/about/data-for-occupations-not-covered-in-detail.htm#319095
Chefs and head cooks,https://www.bls.gov/ooh/food-preparation-and-serving/chefs-and-head-cooks.htm
First-line supervisors of food preparation and serving workers,https://www.bls.gov/ooh/about/data-for-occupations-not-covered-in-detail.htm#351012
"Cooks, fast food",https://www.bls.gov/ooh/food-preparation-and-serving/cooks.htm
"Cooks, institution and cafeteria",https://www.bls.gov/ooh/food-preparation-and-serving/cooks.htm
"Cooks, private household",https://www.bls.gov/ooh/food-preparation-and-serving/cooks.htm
"Cooks, restaurant",https://www.bls.gov/ooh/food-preparation-and-serving/cooks.htm
"Cooks, short order",https://www.bls.gov/ooh/food-preparation-and-serving/cooks.htm
"Cooks, all other",https://www.bls.gov/ooh/food-preparation-and-serving/cooks.htm
Food preparation workers,https://www.bls.gov/ooh/food-preparation-and-serving/food-preparation-workers.htm
Bartenders,https://www.bls.gov/ooh/food-preparation-and-serving/bartenders.htm
Fast food and counter workers,https://www.bls.gov/ooh/food-preparation-and-serving/food-and-beverage-serving-and-related-workers.htm
Waiters and waitresses,https://www.bls.gov/ooh/food-preparation-and-serving/waiters-and-waitresses.htm
"Food servers, nonrestaurant",https://www.bls.gov/ooh/food-preparation-and-serving/food-and-beverage-serving-and-related-workers.htm
Dining room and cafeteria attendants and bartender helpers,https://www.bls.gov/ooh/food-preparation-and-serving/food-and-beverage-serving-and-related-workers.htm
Dishwashers,https://www.bls.gov/ooh/about/data-for-occupations-not-covered-in-detail.htm#359021
"Hosts and hostesses, restaurant, lounge, and coffee shop",https://www.bls.gov/ooh/food-preparation-and-serving/food-and-beverage-serving-and-related-workers.htm
"Food preparation and serving related workers, all other",https://www.bls.gov/ooh/about/data-for-occupations-not-covered-in-detail.htm#359099
"First-line supervisors of entertainment and recreation workers, except gambling services",https://www.bls.gov/ooh/about/data-for-occupations-not-covered-in-detail.htm#391014
First-line supervisors of personal service workers,https://www.bls.gov/ooh/about/data-for-occupations-not-covered-in-detail.htm#391022
Animal trainers,https://www.bls.gov/ooh/personal-care-and-service/animal-care-and-service-workers.htm
Animal caretakers,https://www.bls.gov/ooh/personal-care-and-service/animal-care-and-service-workers.htm
Gambling dealers,https://www.bls.gov/ooh/personal-care-and-service/gaming-services-occupations.htm
Gambling and sports book writers and runners,https://www.bls.gov/ooh/personal-care-and-service/gaming-services-occupations.htm
"Gambling service workers, all other",https://www.bls.gov/ooh/personal-care-and-service/gaming-services-occupations.htm
Motion picture projectionists,https://www.bls.gov/ooh/about/data-for-occupations-not-covered-in-detail.htm#393021
"Ushers, lobby attendants, and ticket takers",https://www.bls.gov/ooh/about/data-for-occupations-not-covered-in-detail.htm#393031
Amusement and recreation attendants,https://www.bls.gov/ooh/about/data-for-occupations-not-covered-in-detail.htm#393091
Costume attendants,https://www.bls.gov/ooh/about/data-for-occupations-not-covered-in-detail.htm#393092
"Locker room, coatroom, and dressing room attendants",https://www.bls.gov/ooh/about/data-for-occupations-not-covered-in-detail.htm#393093
"Entertainment attendants and related workers, all other",https://www.bls.gov/ooh/about/data-for-occupations-not-covered-in-detail.htm#393099
Embalmers,https://www.bls.gov/ooh/about/data-for-occupations-not-covered-in-detail.htm#394011
Crematory operators,https://www.bls.gov/ooh/about/data-for-occupations-not-covered-in-detail.htm#394012
Funeral attendants,https://www.bls.gov/ooh/about/data-for-occupations-not-covered-in-detail.htm#394021
"Morticians, undertakers, and funeral arrangers",https://www.bls.gov/ooh/personal-care-and-service/funeral-service-occupations.htm
Barbers,https://www.bls.gov/ooh/personal-care-and-service/barbers-hairstylists-and-cosmetologists.htm
"Hairdressers, hairstylists, and cosmetologists",https://www.bls.gov/ooh/personal-care-and-service/barbers-hairstylists-and-cosmetologists.htm
"Makeup artists, theatrical and performance",https://www.bls.gov/ooh/about/data-for-occupations-not-covered-in-detail.htm#395091
Manicurists and pedicurists,https://www.bls.gov/ooh/personal-care-and-service/manicurists-and-pedicurists.htm
Shampooers,https://www.bls.gov/ooh/about/data-for-occupations-not-covered-in-detail.htm#395093
Skincare specialists,https://www.bls.gov/ooh/personal-care-and-service/skincare-specialists.htm
Baggage porters and bellhops,https://www.bls.gov/ooh/about/data-for-occupations-not-covered-in-detail.htm#396011
Concierges,https://www.bls.gov/ooh/about/data-for-occupations-not-covered-in-detail.htm#396012
Tour and travel guides,https://www.bls.gov/ooh/about/data-for-occupations-not-covered-in-detail.htm#397010
Childcare workers,https://www.bls.gov/ooh/personal-care-and-service/childcare-workers.htm
Exercise trainers and group fitness instructors,https://www.bls.gov/ooh/personal-care-and-service/fitness-trainers-and-instructors.htm
Recreation workers,https://www.bls.gov/ooh/personal-care-and-service/recreation-workers.htm
Residential advisors,https://www.bls.gov/ooh/about/data-for-occupations-not-covered-in-detail.htm#399041
"Personal care and service workers, all other",https://www.bls.gov/ooh/about/data-for-occupations-not-covered-in-detail.htm#399099
First-line supervisors of retail sales workers,https://www.bls.gov/ooh/about/data-for-occupations-not-covered-in-detail.htm#411011
First-line supervisors of non-retail sales workers,https://www.bls.gov/ooh/about/data-for-occupations-not-covered-in-detail.htm#411012
Cashiers,https://www.bls.gov/ooh/sales/cashiers.htm
Gambling change persons and booth cashiers,https://www.bls.gov/ooh/about/data-for-occupations-not-covered-in-detail.htm#412012
Counter and rental clerks,https://www.bls.gov/ooh/about/data-for-occupations-not-covered-in-detail.htm#412021
Parts salespersons,https://www.bls.gov/ooh/sales/retail-sales-workers.htm
Retail salespersons,https://www.bls.gov/ooh/sales/retail-sales-workers.htm
Advertising sales agents,https://www.bls.gov/ooh/sales/advertising-sales-agents.htm
First-line supervisors of housekeeping and janitorial workers,https://www.bls.gov/ooh/about/data-for-occupations-not-covered-in-detail.htm#371011
"First-line supervisors of landscaping, lawn service, and groundskeeping workers",https://www.bls.gov/ooh/about/data-for-occupations-not-covered-in-detail.htm#371012
"Janitors and cleaners, except maids and housekeeping cleaners",https://www.bls.gov/ooh/building-and-grounds-cleaning/janitors-and-building-cleaners.htm
Maids and housekeeping cleaners,https://www.bls.gov/ooh/about/data-for-occupations-not-covered-in-detail.htm#372012
"Building cleaning workers, all other",https://www.bls.gov/ooh/about/data-for-occupations-not-covered-in-detail.htm#372019
Pest control workers,https://www.bls.gov/ooh/building-and-grounds-cleaning/pest-control-workers.htm
Landscaping and groundskeeping workers,https://www.bls.gov/ooh/building-and-grounds-cleaning/grounds-maintenance-workers.htm
"Pesticide handlers, sprayers, and applicators, vegetation",https://www.bls.gov/ooh/building-and-grounds-cleaning/grounds-maintenance-workers.htm
Tree trimmers and pruners,https://www.bls.gov/ooh/building-and-grounds-cleaning/grounds-maintenance-workers.htm
"Grounds maintenance workers, all other",https://www.bls.gov/ooh/building-and-grounds-cleaning/grounds-maintenance-workers.htm
First-line supervisors of gambling services workers,https://www.bls.gov/ooh/personal-care-and-service/gaming-services-occupations.htm
School bus monitors,https://www.bls.gov/ooh/about/data-for-occupations-not-covered-in-detail.htm#339094
"Protective service workers, all other",https://www.bls.gov/ooh/about/data-for-occupations-not-covered-in-detail.htm#339099
"Credit authorizers, checkers, and clerks",https://www.bls.gov/ooh/office-and-administrative-support/financial-clerks.htm
Customer service representatives,https://www.bls.gov/ooh/office-and-administrative-support/customer-service-representatives.htm
"Eligibility interviewers, government programs",https://www.bls.gov/ooh/office-and-administrative-support/information-clerks.htm
File clerks,https://www.bls.gov/ooh/office-and-administrative-support/information-clerks.htm
"Hotel, motel, and resort desk clerks",https://www.bls.gov/ooh/office-and-administrative-support/information-clerks.htm
"Interviewers, except eligibility and loan",https://www.bls.gov/ooh/office-and-administrative-support/information-clerks.htm
"Library assistants, clerical",https://www.bls.gov/ooh/education-training-and-library/library-technicians-and-assistants.htm
Loan interviewers and clerks,https://www.bls.gov/ooh/office-and-administrative-support/financial-clerks.htm
New accounts clerks,https://www.bls.gov/ooh/office-and-administrative-support/financial-clerks.htm
Order clerks,https://www.bls.gov/ooh/office-and-administrative-support/information-clerks.htm
"Human resources assistants, except payroll and timekeeping",https://www.bls.gov/ooh/office-and-administrative-support/information-clerks.htm
Receptionists and information clerks,https://www.bls.gov/ooh/office-and-administrative-support/receptionists.htm
Reservation and transportation ticket agents and travel clerks,https://www.bls.gov/ooh/office-and-administrative-support/information-clerks.htm
"Information and record clerks, all other",https://www.bls.gov/ooh/office-and-administrative-support/information-clerks.htm
Cargo and freight agents,https://www.bls.gov/ooh/about/data-for-occupations-not-covered-in-detail.htm#435011
Couriers and messengers,https://www.bls.gov/ooh/about/data-for-occupations-not-covered-in-detail.htm#435021
Public safety telecommunicators,https://www.bls.gov/ooh/office-and-administrative-support/police-fire-and-ambulance-dispatchers.htm
"Dispatchers, except police, fire, and ambulance",https://www.bls.gov/ooh/about/data-for-occupations-not-covered-in-detail.htm#435032
"Meter readers, utilities",https://www.bls.gov/ooh/about/data-for-occupations-not-covered-in-detail.htm#435041
Postal service clerks,https://www.bls.gov/ooh/office-and-administrative-support/postal-service-workers.htm
Postal service mail carriers,https://www.bls.gov/ooh/office-and-administrative-support/postal-service-workers.htm
"Postal service mail sorters, processors, and processing machine operators",https://www.bls.gov/ooh/office-and-administrative-support/postal-service-workers.htm
"Production, planning, and expediting clerks",https://www.bls.gov/ooh/office-and-administrative-support/material-recording-clerks.htm
"Shipping, receiving, and inventory clerks",https://www.bls.gov/ooh/office-and-administrative-support/material-recording-clerks.htm
"Weighers, measurers, checkers, and samplers, recordkeeping",https://www.bls.gov/ooh/office-and-administrative-support/material-recording-clerks.htm
Executive secretaries and executive administrative assistants,https://www.bls.gov/ooh/office-and-administrative-support/secretaries-and-administrative-assistants.htm
Legal secretaries and administrative assistants,https://www.bls.gov/ooh/office-and-administrative-support/secretaries-and-administrative-assistants.htm
Medical secretaries and administrative assistants,https://www.bls.gov/ooh/office-and-administrative-support/secretaries-and-administrative-assistants.htm
"Secretaries and administrative assistants, except legal, medical, and executive",https://www.bls.gov/ooh/office-and-administrative-support/secretaries-and-administrative-assistants.htm
Data entry keyers,https://www.bls.gov/ooh/about/data-for-occupations-not-covered-in-detail.htm#439021
Word processors and typists,https://www.bls.gov/ooh/about/data-for-occupations-not-covered-in-detail.htm#439022
Desktop publishers,https://www.bls.gov/ooh/office-and-administrative-support/desktop-publishers.htm
Insurance claims and policy processing clerks,https://www.bls.gov/ooh/office-and-administrative-support/financial-clerks.htm
"Mail clerks and mail machine operators, except postal service",https://www.bls.gov/ooh/about/data-for-occupations-not-covered-in-detail.htm#439051
"Office clerks, general",https://www.bls.gov/ooh/office-and-administrative-support/general-office-clerks.htm
"Office machine operators, except computer",https://www.bls.gov/ooh/about/data-for-occupations-not-covered-in-detail.htm#439071
Proofreaders and copy markers,https://www.bls.gov/ooh/about/data-for-occupations-not-covered-in-detail.htm#439081
Statistical assistants,https://www.bls.gov/ooh/about/data-for-occupations-not-covered-in-detail.htm#439111
"Office and administrative support workers, all other",https://www.bls.gov/ooh/about/data-for-occupations-not-covered-in-detail.htm#439199
Insurance sales agents,https://www.bls.gov/ooh/sales/insurance-sales-agents.htm
"Securities, commodities, and financial services sales agents",https://www.bls.gov/ooh/sales/securities-commodities-and-financial-services-sales-agents.htm
Travel agents,https://www.bls.gov/ooh/sales/travel-agents.htm
"Sales representatives of services, except advertising, insurance, financial services, and travel",https://www.bls.gov/ooh/about/data-for-occupations-not-covered-in-detail.htm#413091
"Sales representatives, wholesale and manufacturing, technical and scientific products",https://www.bls.gov/ooh/sales/wholesale-and-manufacturing-sales-representatives.htm
"Sales representatives, wholesale and manufacturing, except technical and scientific products",https://www.bls.gov/ooh/sales/wholesale-and-manufacturing-sales-representatives.htm
Demonstrators and product promoters,https://www.bls.gov/ooh/about/data-for-occupations-not-covered-in-detail.htm#419011
Models,https://www.bls.gov/ooh/sales/models.htm
Real estate brokers,https://www.bls.gov/ooh/sales/real-estate-brokers-and-sales-agents.htm
Real estate sales agents,https://www.bls.gov/ooh/sales/real-estate-brokers-and-sales-agents.htm
Sales engineers,https://www.bls.gov/ooh/sales/sales-engineers.htm
Telemarketers,https://www.bls.gov/ooh/about/data-for-occupations-not-covered-in-detail.htm#419041
"Door-to-door sales workers, news and street vendors, and related workers",https://www.bls.gov/ooh/about/data-for-occupations-not-covered-in-detail.htm#419091
"Sales and related workers, all other",https://www.bls.gov/ooh/about/data-for-occupations-not-covered-in-detail.htm#419099
First-line supervisors of office and administrative support workers,https://www.bls.gov/ooh/about/data-for-occupations-not-covered-in-detail.htm#431011
"Switchboard operators, including answering service",https://www.bls.gov/ooh/about/data-for-occupations-not-covered-in-detail.htm#432011
Telephone operators,https://www.bls.gov/ooh/about/data-for-occupations-not-covered-in-detail.htm#432021
"Communications equipment operators, all other",https://www.bls.gov/ooh/about/data-for-occupations-not-covered-in-detail.htm#432099
Bill and account collectors,https://www.bls.gov/ooh/office-and-administrative-support/bill-and-account-collectors.htm
Billing and posting clerks,https://www.bls.gov/ooh/office-and-administrative-support/financial-clerks.htm
"Bookkeeping, accounting, and auditing clerks",https://www.bls.gov/ooh/office-and-administrative-support/bookkeeping-accounting-and-auditing-clerks.htm
Gambling cage workers,https://www.bls.gov/ooh/office-and-administrative-support/financial-clerks.htm
Payroll and timekeeping clerks,https://www.bls.gov/ooh/office-and-administrative-support/financial-clerks.htm
Procurement clerks,https://www.bls.gov/ooh/office-and-administrative-support/financial-clerks.htm
Tellers,https://www.bls.gov/ooh/office-and-administrative-support/tellers.htm
"Financial clerks, all other",https://www.bls.gov/ooh/about/data-for-occupations-not-covered-in-detail.htm#433099
Brokerage clerks,https://www.bls.gov/ooh/office-and-administrative-support/financial-clerks.htm
Correspondence clerks,https://www.bls.gov/ooh/office-and-administrative-support/information-clerks.htm
"Court, municipal, and license clerks",https://www.bls.gov/ooh/office-and-administrative-support/information-clerks.htm
Floor sanders and finishers,https://www.bls.gov/ooh/construction-and-extraction/tile-and-marble-setters.htm
Tile and stone setters,https://www.bls.gov/ooh/construction-and-extraction/tile-and-marble-setters.htm
Cement masons and concrete finishers,https://www.bls.gov/ooh/construction-and-extraction/brickmasons-blockmasons-and-stonemasons.htm
Terrazzo workers and finishers,https://www.bls.gov/ooh/construction-and-extraction/brickmasons-blockmasons-and-stonemasons.htm
Construction laborers,https://www.bls.gov/ooh/construction-and-extraction/construction-laborers-and-helpers.htm
"Paving, surfacing, and tamping equipment operators",https://www.bls.gov/ooh/construction-and-extraction/construction-equipment-operators.htm
Pile driver operators,https://www.bls.gov/ooh/construction-and-extraction/construction-equipment-operators.htm
Operating engineers and other construction equipment operators,https://www.bls.gov/ooh/construction-and-extraction/construction-equipment-operators.htm
Drywall and ceiling tile installers,https://www.bls.gov/ooh/construction-and-extraction/drywall-and-ceiling-tile-installers-and-tapers.htm
Tapers,https://www.bls.gov/ooh/construction-and-extraction/drywall-and-ceiling-tile-installers-and-tapers.htm
Electricians,https://www.bls.gov/ooh/construction-and-extraction/electricians.htm
Glaziers,https://www.bls.gov/ooh/construction-and-extraction/glaziers.htm
"Insulation workers, floor, ceiling, and wall",https://www.bls.gov/ooh/construction-and-extraction/insulation-workers.htm
"Insulation workers, mechanical",https://www.bls.gov/ooh/construction-and-extraction/insulation-workers.htm
"Painters, construction and maintenance",https://www.bls.gov/ooh/construction-and-extraction/painters-construction-and-maintenance.htm
Paperhangers,https://www.bls.gov/ooh/about/data-for-occupations-not-covered-in-detail.htm#472142
Fence erectors,https://www.bls.gov/ooh/about/data-for-occupations-not-covered-in-detail.htm#474031
Hazardous materials removal workers,https://www.bls.gov/ooh/construction-and-extraction/hazardous-materials-removal-workers.htm
Highway maintenance workers,https://www.bls.gov/ooh/about/data-for-occupations-not-covered-in-detail.htm#474051
Rail-track laying and maintenance equipment operators,https://www.bls.gov/ooh/about/data-for-occupations-not-covered-in-detail.htm#474061
Septic tank servicers and sewer pipe cleaners,https://www.bls.gov/ooh/about/data-for-occupations-not-covered-in-detail.htm#474071
Miscellaneous construction and related workers,https://www.bls.gov/ooh/about/data-for-occupations-not-covered-in-detail.htm#474090
"Derrick operators, oil and gas",https://www.bls.gov/ooh/about/data-for-occupations-not-covered-in-detail.htm#475011
"Rotary drill operators, oil and gas",https://www.bls.gov/ooh/about/data-for-occupations-not-covered-in-detail.htm#475012
"Service unit operators, oil and gas",https://www.bls.gov/ooh/about/data-for-occupations-not-covered-in-detail.htm#475013
"Excavating and loading machine and dragline operators, surface mining",https://www.bls.gov/ooh/about/data-for-occupations-not-covered-in-detail.htm#475022
"Earth drillers, except oil and gas",https://www.bls.gov/ooh/about/data-for-occupations-not-covered-in-detail.htm#475023
"Explosives workers, ordnance handling experts, and blasters",https://www.bls.gov/ooh/about/data-for-occupations-not-covered-in-detail.htm#475032
Continuous mining machine operators,https://www.bls.gov/ooh/about/data-for-occupations-not-covered-in-detail.htm#475041
"Roof bolters, mining",https://www.bls.gov/ooh/about/data-for-occupations-not-covered-in-detail.htm#475043
"Loading and moving machine operators, underground mining",https://www.bls.gov/ooh/about/data-for-occupations-not-covered-in-detail.htm#475044
"Underground mining machine operators, all other",https://www.bls.gov/ooh/about/data-for-occupations-not-covered-in-detail.htm#475049
"Rock splitters, quarry",https://www.bls.gov/ooh/about/data-for-occupations-not-covered-in-detail.htm#475051
"Roustabouts, oil and gas",https://www.bls.gov/ooh/about/data-for-occupations-not-covered-in-detail.htm#475071
Helpers--extraction workers,https://www.bls.gov/ooh/about/data-for-occupations-not-covered-in-detail.htm#475081
"Extraction workers, all other",https://www.bls.gov/ooh/about/data-for-occupations-not-covered-in-detail.htm#475099
"First-line supervisors of mechanics, installers, and repairers",https://www.bls.gov/ooh/about/data-for-occupations-not-covered-in-detail.htm#491011
Pipelayers,https://www.bls.gov/ooh/about/data-for-occupations-not-covered-in-detail.htm#472151
"Plumbers, pipefitters, and steamfitters",https://www.bls.gov/ooh/construction-and-extraction/plumbers-pipefitters-and-steamfitters.htm
Plasterers and stucco masons,https://www.bls.gov/ooh/about/data-for-occupations-not-covered-in-detail.htm#472161
Reinforcing iron and rebar workers,https://www.bls.gov/ooh/construction-and-extraction/structural-iron-and-steel-workers.htm
Roofers,https://www.bls.gov/ooh/construction-and-extraction/roofers.htm
Sheet metal workers,https://www.bls.gov/ooh/construction-and-extraction/sheet-metal-workers.htm
Structural iron and steel workers,https://www.bls.gov/ooh/construction-and-extraction/structural-iron-and-steel-workers.htm
Solar photovoltaic installers,https://www.bls.gov/ooh/construction-and-extraction/solar-photovoltaic-installers.htm
"Helpers--brickmasons, blockmasons, stonemasons, and tile and marble setters",https://www.bls.gov/ooh/construction-and-extraction/construction-laborers-and-helpers.htm
Helpers--carpenters,https://www.bls.gov/ooh/construction-and-extraction/construction-laborers-and-helpers.htm
Helpers--electricians,https://www.bls.gov/ooh/construction-and-extraction/construction-laborers-and-helpers.htm
"Helpers--painters, paperhangers, plasterers, and stucco masons",https://www.bls.gov/ooh/construction-and-extraction/construction-laborers-and-helpers.htm
"Helpers--pipelayers, plumbers, pipefitters, and steamfitters",https://www.bls.gov/ooh/construction-and-extraction/construction-laborers-and-helpers.htm
Helpers--roofers,https://www.bls.gov/ooh/construction-and-extraction/construction-laborers-and-helpers.htm
"Helpers, construction trades, all other",https://www.bls.gov/ooh/construction-and-extraction/construction-laborers-and-helpers.htm
Construction and building inspectors,https://www.bls.gov/ooh/construction-and-extraction/construction-and-building-inspectors.htm
Elevator and escalator installers and repairers,https://www.bls.gov/ooh/construction-and-extraction/elevator-installers-and-repairers.htm
"First-line supervisors of farming, fishing, and forestry workers",https://www.bls.gov/ooh/about/data-for-occupations-not-covered-in-detail.htm#451011
Agricultural inspectors,https://www.bls.gov/ooh/about/data-for-occupations-not-covered-in-detail.htm#452011
Animal breeders,https://www.bls.gov/ooh/farming-fishing-and-forestry/agricultural-workers.htm
"Graders and sorters, agricultural products",https://www.bls.gov/ooh/about/data-for-occupations-not-covered-in-detail.htm#452041
Agricultural equipment operators,https://www.bls.gov/ooh/farming-fishing-and-forestry/agricultural-workers.htm
"Farmworkers and laborers, crop, nursery, and greenhouse",https://www.bls.gov/ooh/farming-fishing-and-forestry/agricultural-workers.htm
"Farmworkers, farm, ranch, and aquacultural animals",https://www.bls.gov/ooh/farming-fishing-and-forestry/agricultural-workers.htm
"Agricultural workers, all other",https://www.bls.gov/ooh/farming-fishing-and-forestry/agricultural-workers.htm
Fishing and hunting workers,https://www.bls.gov/ooh/farming-fishing-and-forestry/fishers-and-related-fishing-workers.htm
Forest and conservation workers,https://www.bls.gov/ooh/farming-fishing-and-forestry/forest-and-conservation-workers.htm
Fallers,https://www.bls.gov/ooh/farming-fishing-and-forestry/logging-workers.htm
Logging equipment operators,https://www.bls.gov/ooh/farming-fishing-and-forestry/logging-workers.htm
Log graders and scalers,https://www.bls.gov/ooh/farming-fishing-and-forestry/logging-workers.htm
"Logging workers, all other",https://www.bls.gov/ooh/farming-fishing-and-forestry/logging-workers.htm
First-line supervisors of construction trades and extraction workers,https://www.bls.gov/ooh/about/data-for-occupations-not-covered-in-detail.htm#471011
Boilermakers,https://www.bls.gov/ooh/construction-and-extraction/boilermakers.htm
Brickmasons and blockmasons,https://www.bls.gov/ooh/construction-and-extraction/brickmasons-blockmasons-and-stonemasons.htm
Stonemasons,https://www.bls.gov/ooh/construction-and-extraction/brickmasons-blockmasons-and-stonemasons.htm
Carpenters,https://www.bls.gov/ooh/construction-and-extraction/carpenters.htm
Carpet installers,https://www.bls.gov/ooh/construction-and-extraction/tile-and-marble-setters.htm
"Floor layers, except carpet, wood, and hard tiles",https://www.bls.gov/ooh/construction-and-extraction/tile-and-marble-setters.htm
Structural metal fabricators and fitters,https://www.bls.gov/ooh/production/assemblers-and-fabricators.htm
Fiberglass laminators and fabricators,https://www.bls.gov/ooh/production/assemblers-and-fabricators.htm
Timing device assemblers and adjusters,https://www.bls.gov/ooh/production/assemblers-and-fabricators.htm
Miscellaneous assemblers and fabricators,https://www.bls.gov/ooh/production/assemblers-and-fabricators.htm
Bakers,https://www.bls.gov/ooh/production/bakers.htm
Butchers and meat cutters,https://www.bls.gov/ooh/production/butchers-and-meat-cutters.htm
"Meat, poultry, and fish cutters and trimmers",https://www.bls.gov/ooh/about/data-for-occupations-not-covered-in-detail.htm#513022
Slaughterers and meat packers,https://www.bls.gov/ooh/about/data-for-occupations-not-covered-in-detail.htm#513023
"Food and tobacco roasting, baking, and drying machine operators and tenders",https://www.bls.gov/ooh/production/food-and-tobacco-processing-workers.htm
Food batchmakers,https://www.bls.gov/ooh/production/food-and-tobacco-processing-workers.htm
Food cooking machine operators and tenders,https://www.bls.gov/ooh/production/food-and-tobacco-processing-workers.htm
"Food processing workers, all other",https://www.bls.gov/ooh/production/food-and-tobacco-processing-workers.htm
"Extruding and drawing machine setters, operators, and tenders, metal and plastic",https://www.bls.gov/ooh/production/metal-and-plastic-machine-workers.htm
"Forging machine setters, operators, and tenders, metal and plastic",https://www.bls.gov/ooh/production/metal-and-plastic-machine-workers.htm
"Rolling machine setters, operators, and tenders, metal and plastic",https://www.bls.gov/ooh/production/metal-and-plastic-machine-workers.htm
"Cutting, punching, and press machine setters, operators, and tenders, metal and plastic",https://www.bls.gov/ooh/production/metal-and-plastic-machine-workers.htm
"Drilling and boring machine tool setters, operators, and tenders, metal and plastic",https://www.bls.gov/ooh/production/metal-and-plastic-machine-workers.htm
"Grinding, lapping, polishing, and buffing machine tool setters, operators, and tenders, metal and plastic",https://www.bls.gov/ooh/production/metal-and-plastic-machine-workers.htm
"Lathe and turning machine tool setters, operators, and tenders, metal and plastic",https://www.bls.gov/ooh/production/metal-and-plastic-machine-workers.htm
"Milling and planing machine setters, operators, and tenders, metal and plastic",https://www.bls.gov/ooh/production/metal-and-plastic-machine-workers.htm
Machinists,https://www.bls.gov/ooh/production/machinists-and-tool-and-die-makers.htm
Metal-refining furnace operators and tenders,https://www.bls.gov/ooh/production/metal-and-plastic-machine-workers.htm
"Pourers and casters, metal",https://www.bls.gov/ooh/production/metal-and-plastic-machine-workers.htm
"Model makers, metal and plastic",https://www.bls.gov/ooh/production/metal-and-plastic-machine-workers.htm
"Patternmakers, metal and plastic",https://www.bls.gov/ooh/production/metal-and-plastic-machine-workers.htm
Foundry mold and coremakers,https://www.bls.gov/ooh/production/metal-and-plastic-machine-workers.htm
"Molding, coremaking, and casting machine setters, operators, and tenders, metal and plastic",https://www.bls.gov/ooh/production/metal-and-plastic-machine-workers.htm
"Multiple machine tool setters, operators, and tenders, metal and plastic",https://www.bls.gov/ooh/production/metal-and-plastic-machine-workers.htm
Tool and die makers,https://www.bls.gov/ooh/production/machinists-and-tool-and-die-makers.htm
"Welders, cutters, solderers, and brazers",https://www.bls.gov/ooh/production/welders-cutters-solderers-and-brazers.htm
"Welding, soldering, and brazing machine setters, operators, and tenders",https://www.bls.gov/ooh/production/metal-and-plastic-machine-workers.htm
"Heat treating equipment setters, operators, and tenders, metal and plastic",https://www.bls.gov/ooh/production/metal-and-plastic-machine-workers.htm
"Layout workers, metal and plastic",https://www.bls.gov/ooh/about/data-for-occupations-not-covered-in-detail.htm#514192
"Plating machine setters, operators, and tenders, metal and plastic",https://www.bls.gov/ooh/production/metal-and-plastic-machine-workers.htm
"Tool grinders, filers, and sharpeners",https://www.bls.gov/ooh/about/data-for-occupations-not-covered-in-detail.htm#514194
"Metal workers and plastic workers, all other",https://www.bls.gov/ooh/about/data-for-occupations-not-covered-in-detail.htm#514199
Prepress technicians and workers,https://www.bls.gov/ooh/about/data-for-occupations-not-covered-in-detail.htm#515111
Printing press operators,https://www.bls.gov/ooh/about/data-for-occupations-not-covered-in-detail.htm#515112
Print binding and finishing workers,https://www.bls.gov/ooh/about/data-for-occupations-not-covered-in-detail.htm#515113
Laundry and dry-cleaning workers,https://www.bls.gov/ooh/about/data-for-occupations-not-covered-in-detail.htm#516011
"Pressers, textile, garment, and related materials",https://www.bls.gov/ooh/about/data-for-occupations-not-covered-in-detail.htm#516021
Sewing machine operators,https://www.bls.gov/ooh/about/data-for-occupations-not-covered-in-detail.htm#516031
Shoe and leather workers and repairers,https://www.bls.gov/ooh/about/data-for-occupations-not-covered-in-detail.htm#516041
Shoe machine operators and tenders,https://www.bls.gov/ooh/about/data-for-occupations-not-covered-in-detail.htm#516042
"Computer, automated teller, and office machine repairers",https://www.bls.gov/ooh/about/data-for-occupations-not-covered-in-detail.htm#492011
"Radio, cellular, and tower equipment installers and repairers",https://www.bls.gov/ooh/installation-maintenance-and-repair/telecommunications-equipment-installers-and-repairers-except-line-installers.htm
"Telecommunications equipment installers and repairers, except line installers",https://www.bls.gov/ooh/installation-maintenance-and-repair/telecommunications-equipment-installers-and-repairers-except-line-installers.htm
Avionics technicians,https://www.bls.gov/ooh/installation-maintenance-and-repair/aircraft-and-avionics-equipment-mechanics-and-technicians.htm
"Electric motor, power tool, and related repairers",https://www.bls.gov/ooh/installation-maintenance-and-repair/electrical-and-electronics-installers-and-repairers.htm
"Electrical and electronics installers and repairers, transportation equipment",https://www.bls.gov/ooh/installation-maintenance-and-repair/electrical-and-electronics-installers-and-repairers.htm
"Electrical and electronics repairers, commercial and industrial equipment",https://www.bls.gov/ooh/installation-maintenance-and-repair/electrical-and-electronics-installers-and-repairers.htm
"Electrical and electronics repairers, powerhouse, substation, and relay",https://www.bls.gov/ooh/installation-maintenance-and-repair/electrical-and-electronics-installers-and-repairers.htm
"Electronic equipment installers and repairers, motor vehicles",https://www.bls.gov/ooh/installation-maintenance-and-repair/electrical-and-electronics-installers-and-repairers.htm
Audiovisual equipment installers and repairers,https://www.bls.gov/ooh/about/data-for-occupations-not-covered-in-detail.htm#492097
Security and fire alarm systems installers,https://www.bls.gov/ooh/about/data-for-occupations-not-covered-in-detail.htm#492098
Aircraft mechanics and service technicians,https://www.bls.gov/ooh/installation-maintenance-and-repair/aircraft-and-avionics-equipment-mechanics-and-technicians.htm
Automotive body and related repairers,https://www.bls.gov/ooh/installation-maintenance-and-repair/automotive-body-and-glass-repairers.htm
Automotive glass installers and repairers,https://www.bls.gov/ooh/installation-maintenance-and-repair/automotive-body-and-glass-repairers.htm
Automotive service technicians and mechanics,https://www.bls.gov/ooh/installation-maintenance-and-repair/automotive-service-technicians-and-mechanics.htm
Bus and truck mechanics and diesel engine specialists,https://www.bls.gov/ooh/installation-maintenance-and-repair/diesel-service-technicians-and-mechanics.htm
Farm equipment mechanics and service technicians,https://www.bls.gov/ooh/installation-maintenance-and-repair/heavy-vehicle-and-mobile-equipment-service-technicians.htm
"Mobile heavy equipment mechanics, except engines",https://www.bls.gov/ooh/installation-maintenance-and-repair/heavy-vehicle-and-mobile-equipment-service-technicians.htm
Rail car repairers,https://www.bls.gov/ooh/installation-maintenance-and-repair/heavy-vehicle-and-mobile-equipment-service-technicians.htm
Motorboat mechanics and service technicians,https://www.bls.gov/ooh/installation-maintenance-and-repair/small-engine-mechanics.htm
Motorcycle mechanics,https://www.bls.gov/ooh/installation-maintenance-and-repair/small-engine-mechanics.htm
Outdoor power equipment and other small engine mechanics,https://www.bls.gov/ooh/installation-maintenance-and-repair/small-engine-mechanics.htm
Bicycle repairers,https://www.bls.gov/ooh/about/data-for-occupations-not-covered-in-detail.htm#493091
Recreational vehicle service technicians,https://www.bls.gov/ooh/about/data-for-occupations-not-covered-in-detail.htm#493092
Tire repairers and changers,https://www.bls.gov/ooh/about/data-for-occupations-not-covered-in-detail.htm#493093
Mechanical door repairers,https://www.bls.gov/ooh/about/data-for-occupations-not-covered-in-detail.htm#499011
"Control and valve installers and repairers, except mechanical door",https://www.bls.gov/ooh/about/data-for-occupations-not-covered-in-detail.htm#499012
"Heating, air conditioning, and refrigeration mechanics and installers",https://www.bls.gov/ooh/installation-maintenance-and-repair/heating-air-conditioning-and-refrigeration-mechanics-and-installers.htm
Home appliance repairers,https://www.bls.gov/ooh/about/data-for-occupations-not-covered-in-detail.htm#499031
Industrial machinery mechanics,https://www.bls.gov/ooh/installation-maintenance-and-repair/industrial-machinery-mechanics-and-maintenance-workers-and-millwrights.htm
"Maintenance workers, machinery",https://www.bls.gov/ooh/installation-maintenance-and-repair/industrial-machinery-mechanics-and-maintenance-workers-and-millwrights.htm
Millwrights,https://www.bls.gov/ooh/installation-maintenance-and-repair/industrial-machinery-mechanics-and-maintenance-workers-and-millwrights.htm
"Refractory materials repairers, except brickmasons",https://www.bls.gov/ooh/about/data-for-occupations-not-covered-in-detail.htm#499045
Electrical power-line installers and repairers,https://www.bls.gov/ooh/installation-maintenance-and-repair/line-installers-and-repairers.htm
Telecommunications line installers and repairers,https://www.bls.gov/ooh/installation-maintenance-and-repair/telecommunications-equipment-installers-and-repairers-except-line-installers.htm
Camera and photographic equipment repairers,https://www.bls.gov/ooh/about/data-for-occupations-not-covered-in-detail.htm#499061
Medical equipment repairers,https://www.bls.gov/ooh/installation-maintenance-and-repair/medical-equipment-repairers.htm
Musical instrument repairers and tuners,https://www.bls.gov/ooh/about/data-for-occupations-not-covered-in-detail.htm#499063
Watch and clock repairers,https://www.bls.gov/ooh/about/data-for-occupations-not-covered-in-detail.htm#499064
"Precision instrument and equipment repairers, all other",https://www.bls.gov/ooh/about/data-for-occupations-not-covered-in-detail.htm#499069
"Maintenance and repair workers, general",https://www.bls.gov/ooh/installation-maintenance-and-repair/general-maintenance-and-repair-workers.htm
Wind turbine service technicians,https://www.bls.gov/ooh/installation-maintenance-and-repair/wind-turbine-technicians.htm
"Coin, vending, and amusement machine servicers and repairers",https://www.bls.gov/ooh/about/data-for-occupations-not-covered-in-detail.htm#499091
Commercial divers,https://www.bls.gov/ooh/about/data-for-occupations-not-covered-in-detail.htm#499092
Locksmiths and safe repairers,https://www.bls.gov/ooh/about/data-for-occupations-not-covered-in-detail.htm#499094
Manufactured building and mobile home installers,https://www.bls.gov/ooh/about/data-for-occupations-not-covered-in-detail.htm#499095
Riggers,https://www.bls.gov/ooh/about/data-for-occupations-not-covered-in-detail.htm#499096
Signal and track switch repairers,https://www.bls.gov/ooh/about/data-for-occupations-not-covered-in-detail.htm#499097
"Helpers--installation, maintenance, and repair workers",https://www.bls.gov/ooh/about/data-for-occupations-not-covered-in-detail.htm#499098
"Installation, maintenance, and repair workers, all other",https://www.bls.gov/ooh/about/data-for-occupations-not-covered-in-detail.htm#499099
First-line supervisors of production and operating workers,https://www.bls.gov/ooh/about/data-for-occupations-not-covered-in-detail.htm#511011
"Aircraft structure, surfaces, rigging, and systems assemblers",https://www.bls.gov/ooh/production/assemblers-and-fabricators.htm
"Coil winders, tapers, and finishers",https://www.bls.gov/ooh/production/assemblers-and-fabricators.htm
"Electrical, electronic, and electromechanical assemblers, except coil winders, tapers, and finishers",https://www.bls.gov/ooh/production/assemblers-and-fabricators.htm
Engine and other machine assemblers,https://www.bls.gov/ooh/production/assemblers-and-fabricators.htm
Photographic process workers and processing machine operators,https://www.bls.gov/ooh/about/data-for-occupations-not-covered-in-detail.htm#519151
Computer numerically controlled tool operators,https://www.bls.gov/ooh/production/metal-and-plastic-machine-workers.htm
Computer numerically controlled tool programmers,https://www.bls.gov/ooh/production/metal-and-plastic-machine-workers.htm
Adhesive bonding machine operators and tenders,https://www.bls.gov/ooh/about/data-for-occupations-not-covered-in-detail.htm#519191
"Cleaning, washing, and metal pickling equipment operators and tenders",https://www.bls.gov/ooh/about/data-for-occupations-not-covered-in-detail.htm#519192
Cooling and freezing equipment operators and tenders,https://www.bls.gov/ooh/about/data-for-occupations-not-covered-in-detail.htm#519193
Etchers and engravers,https://www.bls.gov/ooh/about/data-for-occupations-not-covered-in-detail.htm#519194
"Molders, shapers, and casters, except metal and plastic",https://www.bls.gov/ooh/about/data-for-occupations-not-covered-in-detail.htm#519195
"Paper goods machine setters, operators, and tenders",https://www.bls.gov/ooh/about/data-for-occupations-not-covered-in-detail.htm#519196
Tire builders,https://www.bls.gov/ooh/about/data-for-occupations-not-covered-in-detail.htm#519197
Helpers--production workers,https://www.bls.gov/ooh/about/data-for-occupations-not-covered-in-detail.htm#519198
"Production workers, all other",https://www.bls.gov/ooh/about/data-for-occupations-not-covered-in-detail.htm#519199
"Sewers, hand",https://www.bls.gov/ooh/about/data-for-occupations-not-covered-in-detail.htm#516051
"Tailors, dressmakers, and custom sewers",https://www.bls.gov/ooh/about/data-for-occupations-not-covered-in-detail.htm#516052
Textile bleaching and dyeing machine operators and tenders,https://www.bls.gov/ooh/about/data-for-occupations-not-covered-in-detail.htm#516061
"Textile cutting machine setters, operators, and tenders",https://www.bls.gov/ooh/about/data-for-occupations-not-covered-in-detail.htm#516062
"Textile knitting and weaving machine setters, operators, and tenders",https://www.bls.gov/ooh/about/data-for-occupations-not-covered-in-detail.htm#516063
"Textile winding, twisting, and drawing out machine setters, operators, and tenders",https://www.bls.gov/ooh/about/data-for-occupations-not-covered-in-detail.htm#516064
"Extruding and forming machine setters, operators, and tenders, synthetic and glass fibers",https://www.bls.gov/ooh/about/data-for-occupations-not-covered-in-detail.htm#516091
Fabric and apparel patternmakers,https://www.bls.gov/ooh/about/data-for-occupations-not-covered-in-detail.htm#516092
Upholsterers,https://www.bls.gov/ooh/about/data-for-occupations-not-covered-in-detail.htm#516093
"Textile, apparel, and furnishings workers, all other",https://www.bls.gov/ooh/about/data-for-occupations-not-covered-in-detail.htm#516099
Cabinetmakers and bench carpenters,https://www.bls.gov/ooh/production/woodworkers.htm
Furniture finishers,https://www.bls.gov/ooh/production/woodworkers.htm
"Model makers, wood",https://www.bls.gov/ooh/about/data-for-occupations-not-covered-in-detail.htm#517031
"Patternmakers, wood",https://www.bls.gov/ooh/about/data-for-occupations-not-covered-in-detail.htm#517032
"Sawing machine setters, operators, and tenders, wood",https://www.bls.gov/ooh/production/woodworkers.htm
"Woodworking machine setters, operators, and tenders, except sawing",https://www.bls.gov/ooh/production/woodworkers.htm
"Woodworkers, all other",https://www.bls.gov/ooh/about/data-for-occupations-not-covered-in-detail.htm#517099
Nuclear power reactor operators,https://www.bls.gov/ooh/production/power-plant-operators-distributors-and-dispatchers.htm
Power distributors and dispatchers,https://www.bls.gov/ooh/production/power-plant-operators-distributors-and-dispatchers.htm
Power plant operators,https://www.bls.gov/ooh/production/power-plant-operators-distributors-and-dispatchers.htm
Stationary engineers and boiler operators,https://www.bls.gov/ooh/production/stationary-engineers-and-boiler-operators.htm
Water and wastewater treatment plant and system operators,https://www.bls.gov/ooh/production/water-and-wastewater-treatment-plant-and-system-operators.htm
Chemical plant and system operators,https://www.bls.gov/ooh/about/data-for-occupations-not-covered-in-detail.htm#518091
Gas plant operators,https://www.bls.gov/ooh/about/data-for-occupations-not-covered-in-detail.htm#518092
"Petroleum pump system operators, refinery operators, and gaugers",https://www.bls.gov/ooh/about/data-for-occupations-not-covered-in-detail.htm#518093
"Plant and system operators, all other",https://www.bls.gov/ooh/about/data-for-occupations-not-covered-in-detail.htm#518099
Chemical equipment operators and tenders,https://www.bls.gov/ooh/about/data-for-occupations-not-covered-in-detail.htm#519011
"Separating, filtering, clarifying, precipitating, and still machine setters, operators, and tenders",https://www.bls.gov/ooh/about/data-for-occupations-not-covered-in-detail.htm#519012
"Crushing, grinding, and polishing machine setters, operators, and tenders",https://www.bls.gov/ooh/about/data-for-occupations-not-covered-in-detail.htm#519021
"Grinding and polishing workers, hand",https://www.bls.gov/ooh/about/data-for-occupations-not-covered-in-detail.htm#519022
"Mixing and blending machine setters, operators, and tenders",https://www.bls.gov/ooh/about/data-for-occupations-not-covered-in-detail.htm#519023
"Cutters and trimmers, hand",https://www.bls.gov/ooh/about/data-for-occupations-not-covered-in-detail.htm#519031
"Cutting and slicing machine setters, operators, and tenders",https://www.bls.gov/ooh/about/data-for-occupations-not-covered-in-detail.htm#519032
"Extruding, forming, pressing, and compacting machine setters, operators, and tenders",https://www.bls.gov/ooh/about/data-for-occupations-not-covered-in-detail.htm#519041
"Furnace, kiln, oven, drier, and kettle operators and tenders",https://www.bls.gov/ooh/about/data-for-occupations-not-covered-in-detail.htm#519051
"Inspectors, testers, sorters, samplers, and weighers",https://www.bls.gov/ooh/production/quality-control-inspectors.htm
Jewelers and precious stone and metal workers,https://www.bls.gov/ooh/production/jewelers-and-precious-stone-and-metal-workers.htm
Dental laboratory technicians,https://www.bls.gov/ooh/production/dental-and-ophthalmic-laboratory-technicians-and-medical-appliance-technicians.htm
Medical appliance technicians,https://www.bls.gov/ooh/production/dental-and-ophthalmic-laboratory-technicians-and-medical-appliance-technicians.htm
Ophthalmic laboratory technicians,https://www.bls.gov/ooh/production/dental-and-ophthalmic-laboratory-technicians-and-medical-appliance-technicians.htm
Packaging and filling machine operators and tenders,https://www.bls.gov/ooh/about/data-for-occupations-not-covered-in-detail.htm#519111
"Painting, coating, and decorating workers",https://www.bls.gov/ooh/production/painting-and-coating-workers.htm
"Coating, painting, and spraying machine setters, operators, and tenders",https://www.bls.gov/ooh/production/painting-and-coating-workers.htm
Semiconductor processing technicians,https://www.bls.gov/ooh/production/semiconductor-processing-technicians.htm
"Tank car, truck, and ship loaders",https://www.bls.gov/ooh/about/data-for-occupations-not-covered-in-detail.htm#537121
"Material moving workers, all other",https://www.bls.gov/ooh/about/data-for-occupations-not-covered-in-detail.htm#537199
Aircraft cargo handling supervisors,https://www.bls.gov/ooh/about/data-for-occupations-not-covered-in-detail.htm#531041
"First-line supervisors of transportation and material moving workers, except aircraft cargo handling supervisors",https://www.bls.gov/ooh/about/data-for-occupations-not-covered-in-detail.htm#531047
"Airline pilots, copilots, and flight engineers",https://www.bls.gov/ooh/transportation-and-material-moving/airline-and-commercial-pilots.htm
Commercial pilots,https://www.bls.gov/ooh/transportation-and-material-moving/airline-and-commercial-pilots.htm
Air traffic controllers,https://www.bls.gov/ooh/transportation-and-material-moving/air-traffic-controllers.htm
Airfield operations specialists,https://www.bls.gov/ooh/about/data-for-occupations-not-covered-in-detail.htm#532022
Flight attendants,https://www.bls.gov/ooh/transportation-and-material-moving/flight-attendants.htm
"Ambulance drivers and attendants, except emergency medical technicians",https://www.bls.gov/ooh/about/data-for-occupations-not-covered-in-detail.htm#533011
Driver/sales workers,https://www.bls.gov/ooh/transportation-and-material-moving/delivery-truck-drivers-and-driver-sales-workers.htm
Heavy and tractor-trailer truck drivers,https://www.bls.gov/ooh/transportation-and-material-moving/heavy-and-tractor-trailer-truck-drivers.htm
Light truck drivers,https://www.bls.gov/ooh/transportation-and-material-moving/delivery-truck-drivers-and-driver-sales-workers.htm
"Bus drivers, school",https://www.bls.gov/ooh/transportation-and-material-moving/bus-drivers.htm
"Bus drivers, transit and intercity",https://www.bls.gov/ooh/transportation-and-material-moving/bus-drivers.htm
Shuttle drivers and chauffeurs,https://www.bls.gov/ooh/transportation-and-material-moving/taxi-drivers-and-chauffeurs.htm
Taxi drivers,https://www.bls.gov/ooh/transportation-and-material-moving/taxi-drivers-and-chauffeurs.htm
"Motor vehicle operators, all other",https://www.bls.gov/ooh/about/data-for-occupations-not-covered-in-detail.htm#533099
Locomotive engineers,https://www.bls.gov/ooh/transportation-and-material-moving/railroad-occupations.htm
"Rail yard engineers, dinkey operators, and hostlers",https://www.bls.gov/ooh/transportation-and-material-moving/railroad-occupations.htm
"Railroad brake, signal, and switch operators and locomotive firers",https://www.bls.gov/ooh/transportation-and-material-moving/railroad-occupations.htm
Railroad conductors and yardmasters,https://www.bls.gov/ooh/transportation-and-material-moving/railroad-occupations.htm
Subway and streetcar operators,https://www.bls.gov/ooh/about/data-for-occupations-not-covered-in-detail.htm#534041
"Rail transportation workers, all other",https://www.bls.gov/ooh/about/data-for-occupations-not-covered-in-detail.htm#534099
Sailors and marine oilers,https://www.bls.gov/ooh/transportation-and-material-moving/water-transportation-occupations.htm
"Captains, mates, and pilots of water vessels",https://www.bls.gov/ooh/transportation-and-material-moving/water-transportation-occupations.htm
Motorboat operators,https://www.bls.gov/ooh/transportation-and-material-moving/water-transportation-occupations.htm
Ship engineers,https://www.bls.gov/ooh/transportation-and-material-moving/water-transportation-occupations.htm
Bridge and lock tenders,https://www.bls.gov/ooh/about/data-for-occupations-not-covered-in-detail.htm#536011
Parking attendants,https://www.bls.gov/ooh/about/data-for-occupations-not-covered-in-detail.htm#536021
Automotive and watercraft service attendants,https://www.bls.gov/ooh/about/data-for-occupations-not-covered-in-detail.htm#536031
Aircraft service attendants,https://www.bls.gov/ooh/about/data-for-occupations-not-covered-in-detail.htm#536032
Traffic technicians,https://www.bls.gov/ooh/about/data-for-occupations-not-covered-in-detail.htm#536041
Transportation inspectors,https://www.bls.gov/ooh/about/data-for-occupations-not-covered-in-detail.htm#536051
Passenger attendants,https://www.bls.gov/ooh/about/data-for-occupations-not-covered-in-detail.htm#536061
"Transportation workers, all other",https://www.bls.gov/ooh/about/data-for-occupations-not-covered-in-detail.htm#536099
Conveyor operators and tenders,https://www.bls.gov/ooh/transportation-and-material-moving/material-moving-machine-operators.htm
Crane and tower operators,https://www.bls.gov/ooh/transportation-and-material-moving/material-moving-machine-operators.htm
Dredge operators,https://www.bls.gov/ooh/transportation-and-material-moving/material-moving-machine-operators.htm
Hoist and winch operators,https://www.bls.gov/ooh/transportation-and-material-moving/material-moving-machine-operators.htm
Industrial truck and tractor operators,https://www.bls.gov/ooh/transportation-and-material-moving/material-moving-machine-operators.htm
Cleaners of vehicles and equipment,https://www.bls.gov/ooh/transportation-and-material-moving/hand-laborers-and-material-movers.htm
"Laborers and freight, stock, and material movers, hand",https://www.bls.gov/ooh/transportation-and-material-moving/hand-laborers-and-material-movers.htm
Machine feeders and offbearers,https://www.bls.gov/ooh/transportation-and-material-moving/hand-laborers-and-material-movers.htm
"Packers and packagers, hand",https://www.bls.gov/ooh/transportation-and-material-moving/hand-laborers-and-material-movers.htm
Stockers and order fillers,https://www.bls.gov/ooh/transportation-and-material-moving/hand-laborers-and-material-movers.htm
Gas compressor and gas pumping station operators,https://www.bls.gov/ooh/about/data-for-occupations-not-covered-in-detail.htm#537071
"Pump operators, except wellhead pumpers",https://www.bls.gov/ooh/about/data-for-occupations-not-covered-in-detail.htm#537072
Wellhead pumpers,https://www.bls.gov/ooh/about/data-for-occupations-not-covered-in-detail.htm#537073
Refuse and recyclable material collectors,https://www.bls.gov/ooh/transportation-and-material-moving/hand-laborers-and-material-movers.htm
